Algoritmo,Distribuicao,TamanhoVetor,Comparacoes,Trocas,AcessosMemoria,ProfRecursao,TempoNS,MemoriaAuxiliarBytes
Busca Sequencial,Inicio,1000,1,0,2,0,800,13
Busca Sequencial,Inicio,1000,1,0,2,0,500,13
Busca Sequencial,Inicio,1000,1,0,2,0,500,13
Busca Sequencial,Inicio,1000,1,0,2,0,600,13
Busca Sequencial,Inicio,1000,1,0,2,0,500,13
Busca Sequencial,Inicio,1000,1,0,2,0,400,13
Busca Sequencial,Inicio,1000,1,0,2,0,400,13
Busca Sequencial,Inicio,1000,1,0,2,0,400,13
Busca Sequencial,Inicio,1000,1,0,2,0,400,13
Busca Sequencial,Inicio,1000,1,0,2,0,600,13
Busca Sequencial,Inicio,1000,1,0,2,0,500,13
Busca Sequencial,Inicio,1000,1,0,2,0,400,13
Busca Sequencial,Inicio,1000,1,0,2,0,600,13
Busca Sequencial,Inicio,1000,1,0,2,0,400,13
Busca Sequencial,Inicio,1000,1,0,2,0,500,13
Busca Sequencial,Inicio,1000,1,0,2,0,500,13
Busca Sequencial,Inicio,1000,1,0,2,0,600,13
Busca Sequencial,Inicio,1000,1,0,2,0,500,13
Busca Sequencial,Inicio,1000,1,0,2,0,500,13
Busca Sequencial,Inicio,1000,1,0,2,0,1000,13
Busca Sequencial,Inicio,1000,1,0,2,0,600,13
Busca Sequencial,Inicio,1000,1,0,2,0,3700,13
Busca Sequencial,Inicio,1000,1,0,2,0,500,13
Busca Sequencial,Inicio,1000,1,0,2,0,400,13
Busca Sequencial,Inicio,1000,1,0,2,0,400,13
Busca Sequencial,Inicio,1000,1,0,2,0,400,13
Busca Sequencial,Inicio,1000,1,0,2,0,500,13
Busca Sequencial,Inicio,1000,1,0,2,0,400,13
Busca Sequencial,Inicio,1000,1,0,2,0,500,13
Busca Sequencial,Inicio,1000,1,0,2,0,400,13
Busca Binaria,Inicio,1000,9,0,18,0,1100,13
Busca Binaria,Inicio,1000,9,0,18,0,1100,13
Busca Binaria,Inicio,1000,9,0,18,0,1100,13
Busca Binaria,Inicio,1000,9,0,18,0,1200,13
Busca Binaria,Inicio,1000,9,0,18,0,1200,13
Busca Binaria,Inicio,1000,9,0,18,0,1200,13
Busca Binaria,Inicio,1000,9,0,18,0,1300,13
Busca Binaria,Inicio,1000,9,0,18,0,1100,13
Busca Binaria,Inicio,1000,9,0,18,0,1700,13
Busca Binaria,Inicio,1000,9,0,18,0,1200,13
Busca Binaria,Inicio,1000,9,0,18,0,1300,13
Busca Binaria,Inicio,1000,9,0,18,0,1000,13
Busca Binaria,Inicio,1000,9,0,18,0,1300,13
Busca Binaria,Inicio,1000,9,0,18,0,1100,13
Busca Binaria,Inicio,1000,9,0,18,0,1300,13
Busca Binaria,Inicio,1000,9,0,18,0,1400,13
Busca Binaria,Inicio,1000,9,0,18,0,1000,13
Busca Binaria,Inicio,1000,9,0,18,0,1400,13
Busca Binaria,Inicio,1000,9,0,18,0,1100,13
Busca Binaria,Inicio,1000,9,0,18,0,1800,13
Busca Binaria,Inicio,1000,9,0,18,0,1300,13
Busca Binaria,Inicio,1000,9,0,18,0,1200,13
Busca Binaria,Inicio,1000,9,0,18,0,1500,13
Busca Binaria,Inicio,1000,9,0,18,0,1200,13
Busca Binaria,Inicio,1000,9,0,18,0,1200,13
Busca Binaria,Inicio,1000,9,0,18,0,1200,13
Busca Binaria,Inicio,1000,9,0,18,0,1300,13
Busca Binaria,Inicio,1000,9,0,18,0,1300,13
Busca Binaria,Inicio,1000,9,0,18,0,1000,13
Busca Binaria,Inicio,1000,9,0,18,0,1200,13
Busca Sequencial,Meio,1000,501,0,1002,0,6500,13
Busca Sequencial,Meio,1000,501,0,1002,0,6000,13
Busca Sequencial,Meio,1000,501,0,1002,0,5900,13
Busca Sequencial,Meio,1000,501,0,1002,0,5500,13
Busca Sequencial,Meio,1000,501,0,1002,0,6000,13
Busca Sequencial,Meio,1000,501,0,1002,0,6600,13
Busca Sequencial,Meio,1000,501,0,1002,0,6300,13
Busca Sequencial,Meio,1000,501,0,1002,0,6400,13
Busca Sequencial,Meio,1000,501,0,1002,0,6600,13
Busca Sequencial,Meio,1000,501,0,1002,0,6100,13
Busca Sequencial,Meio,1000,501,0,1002,0,6000,13
Busca Sequencial,Meio,1000,501,0,1002,0,7000,13
Busca Sequencial,Meio,1000,501,0,1002,0,6500,13
Busca Sequencial,Meio,1000,501,0,1002,0,6000,13
Busca Sequencial,Meio,1000,501,0,1002,0,6000,13
Busca Sequencial,Meio,1000,501,0,1002,0,9000,13
Busca Sequencial,Meio,1000,501,0,1002,0,10600,13
Busca Sequencial,Meio,1000,501,0,1002,0,6100,13
Busca Sequencial,Meio,1000,501,0,1002,0,5600,13
Busca Sequencial,Meio,1000,501,0,1002,0,9800,13
Busca Sequencial,Meio,1000,501,0,1002,0,7500,13
Busca Sequencial,Meio,1000,501,0,1002,0,8000,13
Busca Sequencial,Meio,1000,501,0,1002,0,5900,13
Busca Sequencial,Meio,1000,501,0,1002,0,6200,13
Busca Sequencial,Meio,1000,501,0,1002,0,8100,13
Busca Sequencial,Meio,1000,501,0,1002,0,8700,13
Busca Sequencial,Meio,1000,501,0,1002,0,6700,13
Busca Sequencial,Meio,1000,501,0,1002,0,6300,13
Busca Sequencial,Meio,1000,501,0,1002,0,5900,13
Busca Sequencial,Meio,1000,501,0,1002,0,6100,13
Busca Binaria,Meio,1000,9,0,18,0,1100,13
Busca Binaria,Meio,1000,9,0,18,0,1200,13
Busca Binaria,Meio,1000,9,0,18,0,1000,13
Busca Binaria,Meio,1000,9,0,18,0,1000,13
Busca Binaria,Meio,1000,9,0,18,0,1100,13
Busca Binaria,Meio,1000,9,0,18,0,1100,13
Busca Binaria,Meio,1000,9,0,18,0,1400,13
Busca Binaria,Meio,1000,9,0,18,0,1100,13
Busca Binaria,Meio,1000,9,0,18,0,1300,13
Busca Binaria,Meio,1000,9,0,18,0,3600,13
Busca Binaria,Meio,1000,9,0,18,0,3600,13
Busca Binaria,Meio,1000,9,0,18,0,1200,13
Busca Binaria,Meio,1000,9,0,18,0,1100,13
Busca Binaria,Meio,1000,9,0,18,0,1200,13
Busca Binaria,Meio,1000,9,0,18,0,1000,13
Busca Binaria,Meio,1000,9,0,18,0,1100,13
Busca Binaria,Meio,1000,9,0,18,0,1100,13
Busca Binaria,Meio,1000,9,0,18,0,1100,13
Busca Binaria,Meio,1000,9,0,18,0,1100,13
Busca Binaria,Meio,1000,9,0,18,0,1100,13
Busca Binaria,Meio,1000,9,0,18,0,1400,13
Busca Binaria,Meio,1000,9,0,18,0,1600,13
Busca Binaria,Meio,1000,9,0,18,0,1600,13
Busca Binaria,Meio,1000,9,0,18,0,1200,13
Busca Binaria,Meio,1000,9,0,18,0,1700,13
Busca Binaria,Meio,1000,9,0,18,0,1200,13
Busca Binaria,Meio,1000,9,0,18,0,1100,13
Busca Binaria,Meio,1000,9,0,18,0,1100,13
Busca Binaria,Meio,1000,9,0,18,0,1200,13
Busca Binaria,Meio,1000,9,0,18,0,1100,13
Busca Sequencial,Fim,1000,1000,0,2000,0,12100,13
Busca Sequencial,Fim,1000,1000,0,2000,0,12200,13
Busca Sequencial,Fim,1000,1000,0,2000,0,11400,13
Busca Sequencial,Fim,1000,1000,0,2000,0,10700,13
Busca Sequencial,Fim,1000,1000,0,2000,0,11500,13
Busca Sequencial,Fim,1000,1000,0,2000,0,15500,13
Busca Sequencial,Fim,1000,1000,0,2000,0,14200,13
Busca Sequencial,Fim,1000,1000,0,2000,0,11700,13
Busca Sequencial,Fim,1000,1000,0,2000,0,10800,13
Busca Sequencial,Fim,1000,1000,0,2000,0,13000,13
Busca Sequencial,Fim,1000,1000,0,2000,0,11400,13
Busca Sequencial,Fim,1000,1000,0,2000,0,14600,13
Busca Sequencial,Fim,1000,1000,0,2000,0,13200,13
Busca Sequencial,Fim,1000,1000,0,2000,0,21200,13
Busca Sequencial,Fim,1000,1000,0,2000,0,12400,13
Busca Sequencial,Fim,1000,1000,0,2000,0,11400,13
Busca Sequencial,Fim,1000,1000,0,2000,0,11400,13
Busca Sequencial,Fim,1000,1000,0,2000,0,15300,13
Busca Sequencial,Fim,1000,1000,0,2000,0,11500,13
Busca Sequencial,Fim,1000,1000,0,2000,0,11400,13
Busca Sequencial,Fim,1000,1000,0,2000,0,13700,13
Busca Sequencial,Fim,1000,1000,0,2000,0,13000,13
Busca Sequencial,Fim,1000,1000,0,2000,0,16700,13
Busca Sequencial,Fim,1000,1000,0,2000,0,12000,13
Busca Sequencial,Fim,1000,1000,0,2000,0,18300,13
Busca Sequencial,Fim,1000,1000,0,2000,0,12300,13
Busca Sequencial,Fim,1000,1000,0,2000,0,26200,13
Busca Sequencial,Fim,1000,1000,0,2000,0,13800,13
Busca Sequencial,Fim,1000,1000,0,2000,0,14800,13
Busca Sequencial,Fim,1000,1000,0,2000,0,11900,13
Busca Binaria,Fim,1000,10,0,20,0,1000,13
Busca Binaria,Fim,1000,10,0,20,0,900,13
Busca Binaria,Fim,1000,10,0,20,0,1100,13
Busca Binaria,Fim,1000,10,0,20,0,1000,13
Busca Binaria,Fim,1000,10,0,20,0,15200,13
Busca Binaria,Fim,1000,10,0,20,0,1000,13
Busca Binaria,Fim,1000,10,0,20,0,1200,13
Busca Binaria,Fim,1000,10,0,20,0,1100,13
Busca Binaria,Fim,1000,10,0,20,0,1500,13
Busca Binaria,Fim,1000,10,0,20,0,1000,13
Busca Binaria,Fim,1000,10,0,20,0,1300,13
Busca Binaria,Fim,1000,10,0,20,0,2500,13
Busca Binaria,Fim,1000,10,0,20,0,900,13
Busca Binaria,Fim,1000,10,0,20,0,1600,13
Busca Binaria,Fim,1000,10,0,20,0,1100,13
Busca Binaria,Fim,1000,10,0,20,0,1200,13
Busca Binaria,Fim,1000,10,0,20,0,1200,13
Busca Binaria,Fim,1000,10,0,20,0,1800,13
Busca Binaria,Fim,1000,10,0,20,0,1500,13
Busca Binaria,Fim,1000,10,0,20,0,1000,13
Busca Binaria,Fim,1000,10,0,20,0,1400,13
Busca Binaria,Fim,1000,10,0,20,0,2200,13
Busca Binaria,Fim,1000,10,0,20,0,1100,13
Busca Binaria,Fim,1000,10,0,20,0,1000,13
Busca Binaria,Fim,1000,10,0,20,0,1400,13
Busca Binaria,Fim,1000,10,0,20,0,1100,13
Busca Binaria,Fim,1000,10,0,20,0,1300,13
Busca Binaria,Fim,1000,10,0,20,0,3900,13
Busca Binaria,Fim,1000,10,0,20,0,1700,13
Busca Binaria,Fim,1000,10,0,20,0,1100,13
Busca Sequencial,Aleatorio,1000,42,0,84,0,1200,13
Busca Sequencial,Aleatorio,1000,42,0,84,0,1000,13
Busca Sequencial,Aleatorio,1000,42,0,84,0,1100,13
Busca Sequencial,Aleatorio,1000,42,0,84,0,1100,13
Busca Sequencial,Aleatorio,1000,42,0,84,0,3700,13
Busca Sequencial,Aleatorio,1000,42,0,84,0,1500,13
Busca Sequencial,Aleatorio,1000,42,0,84,0,1100,13
Busca Sequencial,Aleatorio,1000,42,0,84,0,3200,13
Busca Sequencial,Aleatorio,1000,42,0,84,0,1100,13
Busca Sequencial,Aleatorio,1000,42,0,84,0,1000,13
Busca Sequencial,Aleatorio,1000,42,0,84,0,1400,13
Busca Sequencial,Aleatorio,1000,42,0,84,0,3900,13
Busca Sequencial,Aleatorio,1000,42,0,84,0,1100,13
Busca Sequencial,Aleatorio,1000,42,0,84,0,1000,13
Busca Sequencial,Aleatorio,1000,42,0,84,0,1400,13
Busca Sequencial,Aleatorio,1000,42,0,84,0,1300,13
Busca Sequencial,Aleatorio,1000,42,0,84,0,1600,13
Busca Sequencial,Aleatorio,1000,42,0,84,0,1300,13
Busca Sequencial,Aleatorio,1000,42,0,84,0,900,13
Busca Sequencial,Aleatorio,1000,42,0,84,0,1300,13
Busca Sequencial,Aleatorio,1000,42,0,84,0,1100,13
Busca Sequencial,Aleatorio,1000,42,0,84,0,3800,13
Busca Sequencial,Aleatorio,1000,42,0,84,0,1100,13
Busca Sequencial,Aleatorio,1000,42,0,84,0,1100,13
Busca Sequencial,Aleatorio,1000,42,0,84,0,900,13
Busca Sequencial,Aleatorio,1000,42,0,84,0,1400,13
Busca Sequencial,Aleatorio,1000,42,0,84,0,1400,13
Busca Sequencial,Aleatorio,1000,42,0,84,0,1300,13
Busca Sequencial,Aleatorio,1000,42,0,84,0,1400,13
Busca Sequencial,Aleatorio,1000,42,0,84,0,1000,13
Busca Binaria,Aleatorio,1000,8,0,16,0,1200,13
Busca Binaria,Aleatorio,1000,8,0,16,0,1400,13
Busca Binaria,Aleatorio,1000,8,0,16,0,1100,13
Busca Binaria,Aleatorio,1000,8,0,16,0,1500,13
Busca Binaria,Aleatorio,1000,8,0,16,0,1100,13
Busca Binaria,Aleatorio,1000,8,0,16,0,1100,13
Busca Binaria,Aleatorio,1000,8,0,16,0,1500,13
Busca Binaria,Aleatorio,1000,8,0,16,0,1100,13
Busca Binaria,Aleatorio,1000,8,0,16,0,1200,13
Busca Binaria,Aleatorio,1000,8,0,16,0,1300,13
Busca Binaria,Aleatorio,1000,8,0,16,0,1100,13
Busca Binaria,Aleatorio,1000,8,0,16,0,1200,13
Busca Binaria,Aleatorio,1000,8,0,16,0,1200,13
Busca Binaria,Aleatorio,1000,8,0,16,0,1200,13
Busca Binaria,Aleatorio,1000,8,0,16,0,1100,13
Busca Binaria,Aleatorio,1000,8,0,16,0,1200,13
Busca Binaria,Aleatorio,1000,8,0,16,0,1200,13
Busca Binaria,Aleatorio,1000,8,0,16,0,1300,13
Busca Binaria,Aleatorio,1000,8,0,16,0,1300,13
Busca Binaria,Aleatorio,1000,8,0,16,0,1300,13
Busca Binaria,Aleatorio,1000,8,0,16,0,1400,13
Busca Binaria,Aleatorio,1000,8,0,16,0,1500,13
Busca Binaria,Aleatorio,1000,8,0,16,0,1400,13
Busca Binaria,Aleatorio,1000,8,0,16,0,1500,13
Busca Binaria,Aleatorio,1000,8,0,16,0,1600,13
Busca Binaria,Aleatorio,1000,8,0,16,0,1500,13
Busca Binaria,Aleatorio,1000,8,0,16,0,1700,13
Busca Binaria,Aleatorio,1000,8,0,16,0,1800,13
Busca Binaria,Aleatorio,1000,8,0,16,0,1500,13
Busca Binaria,Aleatorio,1000,8,0,16,0,1600,13
Busca Sequencial,Inexistente,1000,1000,0,2000,0,18900,13
Busca Sequencial,Inexistente,1000,1000,0,2000,0,10800,13
Busca Sequencial,Inexistente,1000,1000,0,2000,0,13300,13
Busca Sequencial,Inexistente,1000,1000,0,2000,0,15700,13
Busca Sequencial,Inexistente,1000,1000,0,2000,0,15900,13
Busca Sequencial,Inexistente,1000,1000,0,2000,0,14900,13
Busca Sequencial,Inexistente,1000,1000,0,2000,0,14300,13
Busca Sequencial,Inexistente,1000,1000,0,2000,0,18500,13
Busca Sequencial,Inexistente,1000,1000,0,2000,0,12900,13
Busca Sequencial,Inexistente,1000,1000,0,2000,0,15700,13
Busca Sequencial,Inexistente,1000,1000,0,2000,0,14400,13
Busca Sequencial,Inexistente,1000,1000,0,2000,0,16700,13
Busca Sequencial,Inexistente,1000,1000,0,2000,0,14400,13
Busca Sequencial,Inexistente,1000,1000,0,2000,0,11500,13
Busca Sequencial,Inexistente,1000,1000,0,2000,0,14400,13
Busca Sequencial,Inexistente,1000,1000,0,2000,0,11900,13
Busca Sequencial,Inexistente,1000,1000,0,2000,0,12000,13
Busca Sequencial,Inexistente,1000,1000,0,2000,0,13200,13
Busca Sequencial,Inexistente,1000,1000,0,2000,0,11600,13
Busca Sequencial,Inexistente,1000,1000,0,2000,0,11700,13
Busca Sequencial,Inexistente,1000,1000,0,2000,0,37500,13
Busca Sequencial,Inexistente,1000,1000,0,2000,0,11500,13
Busca Sequencial,Inexistente,1000,1000,0,2000,0,12700,13
Busca Sequencial,Inexistente,1000,1000,0,2000,0,11700,13
Busca Sequencial,Inexistente,1000,1000,0,2000,0,11100,13
Busca Sequencial,Inexistente,1000,1000,0,2000,0,11200,13
Busca Sequencial,Inexistente,1000,1000,0,2000,0,11700,13
Busca Sequencial,Inexistente,1000,1000,0,2000,0,14100,13
Busca Sequencial,Inexistente,1000,1000,0,2000,0,11800,13
Busca Sequencial,Inexistente,1000,1000,0,2000,0,11600,13
Busca Binaria,Inexistente,1000,9,0,18,0,1300,13
Busca Binaria,Inexistente,1000,9,0,18,0,1200,13
Busca Binaria,Inexistente,1000,9,0,18,0,1200,13
Busca Binaria,Inexistente,1000,9,0,18,0,1100,13
Busca Binaria,Inexistente,1000,9,0,18,0,1300,13
Busca Binaria,Inexistente,1000,9,0,18,0,1400,13
Busca Binaria,Inexistente,1000,9,0,18,0,1400,13
Busca Binaria,Inexistente,1000,9,0,18,0,1400,13
Busca Binaria,Inexistente,1000,9,0,18,0,1300,13
Busca Binaria,Inexistente,1000,9,0,18,0,1400,13
Busca Binaria,Inexistente,1000,9,0,18,0,1400,13
Busca Binaria,Inexistente,1000,9,0,18,0,1600,13
Busca Binaria,Inexistente,1000,9,0,18,0,1700,13
Busca Binaria,Inexistente,1000,9,0,18,0,3600,13
Busca Binaria,Inexistente,1000,9,0,18,0,1200,13
Busca Binaria,Inexistente,1000,9,0,18,0,1500,13
Busca Binaria,Inexistente,1000,9,0,18,0,1300,13
Busca Binaria,Inexistente,1000,9,0,18,0,1300,13
Busca Binaria,Inexistente,1000,9,0,18,0,1400,13
Busca Binaria,Inexistente,1000,9,0,18,0,1300,13
Busca Binaria,Inexistente,1000,9,0,18,0,2000,13
Busca Binaria,Inexistente,1000,9,0,18,0,1200,13
Busca Binaria,Inexistente,1000,9,0,18,0,1200,13
Busca Binaria,Inexistente,1000,9,0,18,0,3800,13
Busca Binaria,Inexistente,1000,9,0,18,0,1100,13
Busca Binaria,Inexistente,1000,9,0,18,0,1500,13
Busca Binaria,Inexistente,1000,9,0,18,0,1900,13
Busca Binaria,Inexistente,1000,9,0,18,0,1300,13
Busca Binaria,Inexistente,1000,9,0,18,0,1600,13
Busca Binaria,Inexistente,1000,9,0,18,0,1200,13
Busca Sequencial,Inicio,5000,1,0,2,0,500,13
Busca Sequencial,Inicio,5000,1,0,2,0,400,13
Busca Sequencial,Inicio,5000,1,0,2,0,500,13
Busca Sequencial,Inicio,5000,1,0,2,0,500,13
Busca Sequencial,Inicio,5000,1,0,2,0,900,13
Busca Sequencial,Inicio,5000,1,0,2,0,500,13
Busca Sequencial,Inicio,5000,1,0,2,0,500,13
Busca Sequencial,Inicio,5000,1,0,2,0,1900,13
Busca Sequencial,Inicio,5000,1,0,2,0,1100,13
Busca Sequencial,Inicio,5000,1,0,2,0,500,13
Busca Sequencial,Inicio,5000,1,0,2,0,400,13
Busca Sequencial,Inicio,5000,1,0,2,0,1400,13
Busca Sequencial,Inicio,5000,1,0,2,0,800,13
Busca Sequencial,Inicio,5000,1,0,2,0,400,13
Busca Sequencial,Inicio,5000,1,0,2,0,400,13
Busca Sequencial,Inicio,5000,1,0,2,0,500,13
Busca Sequencial,Inicio,5000,1,0,2,0,400,13
Busca Sequencial,Inicio,5000,1,0,2,0,800,13
Busca Sequencial,Inicio,5000,1,0,2,0,800,13
Busca Sequencial,Inicio,5000,1,0,2,0,600,13
Busca Sequencial,Inicio,5000,1,0,2,0,400,13
Busca Sequencial,Inicio,5000,1,0,2,0,300,13
Busca Sequencial,Inicio,5000,1,0,2,0,800,13
Busca Sequencial,Inicio,5000,1,0,2,0,600,13
Busca Sequencial,Inicio,5000,1,0,2,0,24500,13
Busca Sequencial,Inicio,5000,1,0,2,0,500,13
Busca Sequencial,Inicio,5000,1,0,2,0,400,13
Busca Sequencial,Inicio,5000,1,0,2,0,400,13
Busca Sequencial,Inicio,5000,1,0,2,0,2200,13
Busca Sequencial,Inicio,5000,1,0,2,0,700,13
Busca Binaria,Inicio,5000,12,0,24,0,1900,13
Busca Binaria,Inicio,5000,12,0,24,0,1600,13
Busca Binaria,Inicio,5000,12,0,24,0,80000,13
Busca Binaria,Inicio,5000,12,0,24,0,1500,13
Busca Binaria,Inicio,5000,12,0,24,0,1700,13
Busca Binaria,Inicio,5000,12,0,24,0,1600,13
Busca Binaria,Inicio,5000,12,0,24,0,1400,13
Busca Binaria,Inicio,5000,12,0,24,0,1800,13
Busca Binaria,Inicio,5000,12,0,24,0,1600,13
Busca Binaria,Inicio,5000,12,0,24,0,1400,13
Busca Binaria,Inicio,5000,12,0,24,0,1800,13
Busca Binaria,Inicio,5000,12,0,24,0,1700,13
Busca Binaria,Inicio,5000,12,0,24,0,30900,13
Busca Binaria,Inicio,5000,12,0,24,0,1800,13
Busca Binaria,Inicio,5000,12,0,24,0,4700,13
Busca Binaria,Inicio,5000,12,0,24,0,1500,13
Busca Binaria,Inicio,5000,12,0,24,0,1500,13
Busca Binaria,Inicio,5000,12,0,24,0,1500,13
Busca Binaria,Inicio,5000,12,0,24,0,2000,13
Busca Binaria,Inicio,5000,12,0,24,0,2400,13
Busca Binaria,Inicio,5000,12,0,24,0,2200,13
Busca Binaria,Inicio,5000,12,0,24,0,1500,13
Busca Binaria,Inicio,5000,12,0,24,0,1700,13
Busca Binaria,Inicio,5000,12,0,24,0,1700,13
Busca Binaria,Inicio,5000,12,0,24,0,1500,13
Busca Binaria,Inicio,5000,12,0,24,0,1600,13
Busca Binaria,Inicio,5000,12,0,24,0,1700,13
Busca Binaria,Inicio,5000,12,0,24,0,1400,13
Busca Binaria,Inicio,5000,12,0,24,0,1200,13
Busca Binaria,Inicio,5000,12,0,24,0,1700,13
Busca Sequencial,Meio,5000,2501,0,5002,0,28900,13
Busca Sequencial,Meio,5000,2501,0,5002,0,29700,13
Busca Sequencial,Meio,5000,2501,0,5002,0,27800,13
Busca Sequencial,Meio,5000,2501,0,5002,0,28900,13
Busca Sequencial,Meio,5000,2501,0,5002,0,29400,13
Busca Sequencial,Meio,5000,2501,0,5002,0,31800,13
Busca Sequencial,Meio,5000,2501,0,5002,0,36700,13
Busca Sequencial,Meio,5000,2501,0,5002,0,29600,13
Busca Sequencial,Meio,5000,2501,0,5002,0,36900,13
Busca Sequencial,Meio,5000,2501,0,5002,0,29800,13
Busca Sequencial,Meio,5000,2501,0,5002,0,51400,13
Busca Sequencial,Meio,5000,2501,0,5002,0,30200,13
Busca Sequencial,Meio,5000,2501,0,5002,0,36200,13
Busca Sequencial,Meio,5000,2501,0,5002,0,27800,13
Busca Sequencial,Meio,5000,2501,0,5002,0,36800,13
Busca Sequencial,Meio,5000,2501,0,5002,0,28200,13
Busca Sequencial,Meio,5000,2501,0,5002,0,30600,13
Busca Sequencial,Meio,5000,2501,0,5002,0,31900,13
Busca Sequencial,Meio,5000,2501,0,5002,0,27800,13
Busca Sequencial,Meio,5000,2501,0,5002,0,31200,13
Busca Sequencial,Meio,5000,2501,0,5002,0,30000,13
Busca Sequencial,Meio,5000,2501,0,5002,0,67100,13
Busca Sequencial,Meio,5000,2501,0,5002,0,36800,13
Busca Sequencial,Meio,5000,2501,0,5002,0,39800,13
Busca Sequencial,Meio,5000,2501,0,5002,0,40700,13
Busca Sequencial,Meio,5000,2501,0,5002,0,31400,13
Busca Sequencial,Meio,5000,2501,0,5002,0,36100,13
Busca Sequencial,Meio,5000,2501,0,5002,0,70000,13
Busca Sequencial,Meio,5000,2501,0,5002,0,31600,13
Busca Sequencial,Meio,5000,2501,0,5002,0,30200,13
Busca Binaria,Meio,5000,12,0,24,0,1600,13
Busca Binaria,Meio,5000,12,0,24,0,1300,13
Busca Binaria,Meio,5000,12,0,24,0,1600,13
Busca Binaria,Meio,5000,12,0,24,0,1300,13
Busca Binaria,Meio,5000,12,0,24,0,1600,13
Busca Binaria,Meio,5000,12,0,24,0,1700,13
Busca Binaria,Meio,5000,12,0,24,0,1900,13
Busca Binaria,Meio,5000,12,0,24,0,1800,13
Busca Binaria,Meio,5000,12,0,24,0,1300,13
Busca Binaria,Meio,5000,12,0,24,0,1600,13
Busca Binaria,Meio,5000,12,0,24,0,1700,13
Busca Binaria,Meio,5000,12,0,24,0,2200,13
Busca Binaria,Meio,5000,12,0,24,0,1900,13
Busca Binaria,Meio,5000,12,0,24,0,1300,13
Busca Binaria,Meio,5000,12,0,24,0,1400,13
Busca Binaria,Meio,5000,12,0,24,0,1700,13
Busca Binaria,Meio,5000,12,0,24,0,1700,13
Busca Binaria,Meio,5000,12,0,24,0,1600,13
Busca Binaria,Meio,5000,12,0,24,0,1900,13
Busca Binaria,Meio,5000,12,0,24,0,1400,13
Busca Binaria,Meio,5000,12,0,24,0,1400,13
Busca Binaria,Meio,5000,12,0,24,0,1400,13
Busca Binaria,Meio,5000,12,0,24,0,1600,13
Busca Binaria,Meio,5000,12,0,24,0,1400,13
Busca Binaria,Meio,5000,12,0,24,0,1500,13
Busca Binaria,Meio,5000,12,0,24,0,1300,13
Busca Binaria,Meio,5000,12,0,24,0,1400,13
Busca Binaria,Meio,5000,12,0,24,0,1300,13
Busca Binaria,Meio,5000,12,0,24,0,1700,13
Busca Binaria,Meio,5000,12,0,24,0,1400,13
Busca Sequencial,Fim,5000,5000,0,10000,0,74500,13
Busca Sequencial,Fim,5000,5000,0,10000,0,59600,13
Busca Sequencial,Fim,5000,5000,0,10000,0,56100,13
Busca Sequencial,Fim,5000,5000,0,10000,0,61400,13
Busca Sequencial,Fim,5000,5000,0,10000,0,57900,13
Busca Sequencial,Fim,5000,5000,0,10000,0,59800,13
Busca Sequencial,Fim,5000,5000,0,10000,0,60300,13
Busca Sequencial,Fim,5000,5000,0,10000,0,58100,13
Busca Sequencial,Fim,5000,5000,0,10000,0,57600,13
Busca Sequencial,Fim,5000,5000,0,10000,0,54500,13
Busca Sequencial,Fim,5000,5000,0,10000,0,61300,13
Busca Sequencial,Fim,5000,5000,0,10000,0,59100,13
Busca Sequencial,Fim,5000,5000,0,10000,0,55400,13
Busca Sequencial,Fim,5000,5000,0,10000,0,57700,13
Busca Sequencial,Fim,5000,5000,0,10000,0,59800,13
Busca Sequencial,Fim,5000,5000,0,10000,0,57600,13
Busca Sequencial,Fim,5000,5000,0,10000,0,62900,13
Busca Sequencial,Fim,5000,5000,0,10000,0,57200,13
Busca Sequencial,Fim,5000,5000,0,10000,0,58100,13
Busca Sequencial,Fim,5000,5000,0,10000,0,61700,13
Busca Sequencial,Fim,5000,5000,0,10000,0,75900,13
Busca Sequencial,Fim,5000,5000,0,10000,0,59800,13
Busca Sequencial,Fim,5000,5000,0,10000,0,57500,13
Busca Sequencial,Fim,5000,5000,0,10000,0,52700,13
Busca Sequencial,Fim,5000,5000,0,10000,0,60000,13
Busca Sequencial,Fim,5000,5000,0,10000,0,112100,13
Busca Sequencial,Fim,5000,5000,0,10000,0,70500,13
Busca Sequencial,Fim,5000,5000,0,10000,0,60300,13
Busca Sequencial,Fim,5000,5000,0,10000,0,57000,13
Busca Sequencial,Fim,5000,5000,0,10000,0,56200,13
Busca Binaria,Fim,5000,13,0,26,0,1600,13
Busca Binaria,Fim,5000,13,0,26,0,1500,13
Busca Binaria,Fim,5000,13,0,26,0,1500,13
Busca Binaria,Fim,5000,13,0,26,0,1900,13
Busca Binaria,Fim,5000,13,0,26,0,1400,13
Busca Binaria,Fim,5000,13,0,26,0,1400,13
Busca Binaria,Fim,5000,13,0,26,0,1600,13
Busca Binaria,Fim,5000,13,0,26,0,1500,13
Busca Binaria,Fim,5000,13,0,26,0,1400,13
Busca Binaria,Fim,5000,13,0,26,0,1500,13
Busca Binaria,Fim,5000,13,0,26,0,1600,13
Busca Binaria,Fim,5000,13,0,26,0,1500,13
Busca Binaria,Fim,5000,13,0,26,0,1600,13
Busca Binaria,Fim,5000,13,0,26,0,1800,13
Busca Binaria,Fim,5000,13,0,26,0,1500,13
Busca Binaria,Fim,5000,13,0,26,0,1500,13
Busca Binaria,Fim,5000,13,0,26,0,1400,13
Busca Binaria,Fim,5000,13,0,26,0,1600,13
Busca Binaria,Fim,5000,13,0,26,0,2000,13
Busca Binaria,Fim,5000,13,0,26,0,7900,13
Busca Binaria,Fim,5000,13,0,26,0,1600,13
Busca Binaria,Fim,5000,13,0,26,0,1700,13
Busca Binaria,Fim,5000,13,0,26,0,1400,13
Busca Binaria,Fim,5000,13,0,26,0,1800,13
Busca Binaria,Fim,5000,13,0,26,0,1400,13
Busca Binaria,Fim,5000,13,0,26,0,1400,13
Busca Binaria,Fim,5000,13,0,26,0,1400,13
Busca Binaria,Fim,5000,13,0,26,0,1700,13
Busca Binaria,Fim,5000,13,0,26,0,1500,13
Busca Binaria,Fim,5000,13,0,26,0,1900,13
Busca Sequencial,Aleatorio,5000,3468,0,6936,0,37300,13
Busca Sequencial,Aleatorio,5000,3468,0,6936,0,38400,13
Busca Sequencial,Aleatorio,5000,3468,0,6936,0,49300,13
Busca Sequencial,Aleatorio,5000,3468,0,6936,0,45000,13
Busca Sequencial,Aleatorio,5000,3468,0,6936,0,40800,13
Busca Sequencial,Aleatorio,5000,3468,0,6936,0,109500,13
Busca Sequencial,Aleatorio,5000,3468,0,6936,0,39000,13
Busca Sequencial,Aleatorio,5000,3468,0,6936,0,36600,13
Busca Sequencial,Aleatorio,5000,3468,0,6936,0,39600,13
Busca Sequencial,Aleatorio,5000,3468,0,6936,0,37300,13
Busca Sequencial,Aleatorio,5000,3468,0,6936,0,51800,13
Busca Sequencial,Aleatorio,5000,3468,0,6936,0,37200,13
Busca Sequencial,Aleatorio,5000,3468,0,6936,0,43100,13
Busca Sequencial,Aleatorio,5000,3468,0,6936,0,41900,13
Busca Sequencial,Aleatorio,5000,3468,0,6936,0,40200,13
Busca Sequencial,Aleatorio,5000,3468,0,6936,0,40800,13
Busca Sequencial,Aleatorio,5000,3468,0,6936,0,39200,13
Busca Sequencial,Aleatorio,5000,3468,0,6936,0,37500,13
Busca Sequencial,Aleatorio,5000,3468,0,6936,0,39400,13
Busca Sequencial,Aleatorio,5000,3468,0,6936,0,41300,13
Busca Sequencial,Aleatorio,5000,3468,0,6936,0,37200,13
Busca Sequencial,Aleatorio,5000,3468,0,6936,0,37400,13
Busca Sequencial,Aleatorio,5000,3468,0,6936,0,51700,13
Busca Sequencial,Aleatorio,5000,3468,0,6936,0,39500,13
Busca Sequencial,Aleatorio,5000,3468,0,6936,0,40100,13
Busca Sequencial,Aleatorio,5000,3468,0,6936,0,47200,13
Busca Sequencial,Aleatorio,5000,3468,0,6936,0,107700,13
Busca Sequencial,Aleatorio,5000,3468,0,6936,0,49600,13
Busca Sequencial,Aleatorio,5000,3468,0,6936,0,44200,13
Busca Sequencial,Aleatorio,5000,3468,0,6936,0,37700,13
Busca Binaria,Aleatorio,5000,11,0,22,0,1800,13
Busca Binaria,Aleatorio,5000,11,0,22,0,1600,13
Busca Binaria,Aleatorio,5000,11,0,22,0,1800,13
Busca Binaria,Aleatorio,5000,11,0,22,0,1400,13
Busca Binaria,Aleatorio,5000,11,0,22,0,1300,13
Busca Binaria,Aleatorio,5000,11,0,22,0,1400,13
Busca Binaria,Aleatorio,5000,11,0,22,0,1400,13
Busca Binaria,Aleatorio,5000,11,0,22,0,1400,13
Busca Binaria,Aleatorio,5000,11,0,22,0,1400,13
Busca Binaria,Aleatorio,5000,11,0,22,0,1800,13
Busca Binaria,Aleatorio,5000,11,0,22,0,1400,13
Busca Binaria,Aleatorio,5000,11,0,22,0,1500,13
Busca Binaria,Aleatorio,5000,11,0,22,0,1500,13
Busca Binaria,Aleatorio,5000,11,0,22,0,1300,13
Busca Binaria,Aleatorio,5000,11,0,22,0,1300,13
Busca Binaria,Aleatorio,5000,11,0,22,0,1300,13
Busca Binaria,Aleatorio,5000,11,0,22,0,1200,13
Busca Binaria,Aleatorio,5000,11,0,22,0,1400,13
Busca Binaria,Aleatorio,5000,11,0,22,0,1300,13
Busca Binaria,Aleatorio,5000,11,0,22,0,1400,13
Busca Binaria,Aleatorio,5000,11,0,22,0,1600,13
Busca Binaria,Aleatorio,5000,11,0,22,0,1200,13
Busca Binaria,Aleatorio,5000,11,0,22,0,1100,13
Busca Binaria,Aleatorio,5000,11,0,22,0,1500,13
Busca Binaria,Aleatorio,5000,11,0,22,0,1400,13
Busca Binaria,Aleatorio,5000,11,0,22,0,1700,13
Busca Binaria,Aleatorio,5000,11,0,22,0,1600,13
Busca Binaria,Aleatorio,5000,11,0,22,0,1900,13
Busca Binaria,Aleatorio,5000,11,0,22,0,1600,13
Busca Binaria,Aleatorio,5000,11,0,22,0,1800,13
Busca Sequencial,Inexistente,5000,5000,0,10000,0,56100,13
Busca Sequencial,Inexistente,5000,5000,0,10000,0,63600,13
Busca Sequencial,Inexistente,5000,5000,0,10000,0,54200,13
Busca Sequencial,Inexistente,5000,5000,0,10000,0,58100,13
Busca Sequencial,Inexistente,5000,5000,0,10000,0,77200,13
Busca Sequencial,Inexistente,5000,5000,0,10000,0,71100,13
Busca Sequencial,Inexistente,5000,5000,0,10000,0,71100,13
Busca Sequencial,Inexistente,5000,5000,0,10000,0,81900,13
Busca Sequencial,Inexistente,5000,5000,0,10000,0,88300,13
Busca Sequencial,Inexistente,5000,5000,0,10000,0,72300,13
Busca Sequencial,Inexistente,5000,5000,0,10000,0,90000,13
Busca Sequencial,Inexistente,5000,5000,0,10000,0,58800,13
Busca Sequencial,Inexistente,5000,5000,0,10000,0,59800,13
Busca Sequencial,Inexistente,5000,5000,0,10000,0,61700,13
Busca Sequencial,Inexistente,5000,5000,0,10000,0,57400,13
Busca Sequencial,Inexistente,5000,5000,0,10000,0,70400,13
Busca Sequencial,Inexistente,5000,5000,0,10000,0,55200,13
Busca Sequencial,Inexistente,5000,5000,0,10000,0,59000,13
Busca Sequencial,Inexistente,5000,5000,0,10000,0,53400,13
Busca Sequencial,Inexistente,5000,5000,0,10000,0,57900,13
Busca Sequencial,Inexistente,5000,5000,0,10000,0,55400,13
Busca Sequencial,Inexistente,5000,5000,0,10000,0,77000,13
Busca Sequencial,Inexistente,5000,5000,0,10000,0,57900,13
Busca Sequencial,Inexistente,5000,5000,0,10000,0,74500,13
Busca Sequencial,Inexistente,5000,5000,0,10000,0,64800,13
Busca Sequencial,Inexistente,5000,5000,0,10000,0,71700,13
Busca Sequencial,Inexistente,5000,5000,0,10000,0,59900,13
Busca Sequencial,Inexistente,5000,5000,0,10000,0,75000,13
Busca Sequencial,Inexistente,5000,5000,0,10000,0,61700,13
Busca Sequencial,Inexistente,5000,5000,0,10000,0,73000,13
Busca Binaria,Inexistente,5000,12,0,24,0,1400,13
Busca Binaria,Inexistente,5000,12,0,24,0,1400,13
Busca Binaria,Inexistente,5000,12,0,24,0,1400,13
Busca Binaria,Inexistente,5000,12,0,24,0,2000,13
Busca Binaria,Inexistente,5000,12,0,24,0,1500,13
Busca Binaria,Inexistente,5000,12,0,24,0,1600,13
Busca Binaria,Inexistente,5000,12,0,24,0,1500,13
Busca Binaria,Inexistente,5000,12,0,24,0,1500,13
Busca Binaria,Inexistente,5000,12,0,24,0,1900,13
Busca Binaria,Inexistente,5000,12,0,24,0,1800,13
Busca Binaria,Inexistente,5000,12,0,24,0,1400,13
Busca Binaria,Inexistente,5000,12,0,24,0,1400,13
Busca Binaria,Inexistente,5000,12,0,24,0,1500,13
Busca Binaria,Inexistente,5000,12,0,24,0,1300,13
Busca Binaria,Inexistente,5000,12,0,24,0,1600,13
Busca Binaria,Inexistente,5000,12,0,24,0,1800,13
Busca Binaria,Inexistente,5000,12,0,24,0,4100,13
Busca Binaria,Inexistente,5000,12,0,24,0,1600,13
Busca Binaria,Inexistente,5000,12,0,24,0,4300,13
Busca Binaria,Inexistente,5000,12,0,24,0,4200,13
Busca Binaria,Inexistente,5000,12,0,24,0,3100,13
Busca Binaria,Inexistente,5000,12,0,24,0,1900,13
Busca Binaria,Inexistente,5000,12,0,24,0,1800,13
Busca Binaria,Inexistente,5000,12,0,24,0,2000,13
Busca Binaria,Inexistente,5000,12,0,24,0,2000,13
Busca Binaria,Inexistente,5000,12,0,24,0,4200,13
Busca Binaria,Inexistente,5000,12,0,24,0,1500,13
Busca Binaria,Inexistente,5000,12,0,24,0,1800,13
Busca Binaria,Inexistente,5000,12,0,24,0,1500,13
Busca Binaria,Inexistente,5000,12,0,24,0,1400,13
Busca Sequencial,Inicio,10000,1,0,2,0,900,13
Busca Sequencial,Inicio,10000,1,0,2,0,400,13
Busca Sequencial,Inicio,10000,1,0,2,0,500,13
Busca Sequencial,Inicio,10000,1,0,2,0,700,13
Busca Sequencial,Inicio,10000,1,0,2,0,500,13
Busca Sequencial,Inicio,10000,1,0,2,0,400,13
Busca Sequencial,Inicio,10000,1,0,2,0,400,13
Busca Sequencial,Inicio,10000,1,0,2,0,400,13
Busca Sequencial,Inicio,10000,1,0,2,0,600,13
Busca Sequencial,Inicio,10000,1,0,2,0,500,13
Busca Sequencial,Inicio,10000,1,0,2,0,500,13
Busca Sequencial,Inicio,10000,1,0,2,0,500,13
Busca Sequencial,Inicio,10000,1,0,2,0,400,13
Busca Sequencial,Inicio,10000,1,0,2,0,500,13
Busca Sequencial,Inicio,10000,1,0,2,0,700,13
Busca Sequencial,Inicio,10000,1,0,2,0,400,13
Busca Sequencial,Inicio,10000,1,0,2,0,400,13
Busca Sequencial,Inicio,10000,1,0,2,0,500,13
Busca Sequencial,Inicio,10000,1,0,2,0,500,13
Busca Sequencial,Inicio,10000,1,0,2,0,400,13
Busca Sequencial,Inicio,10000,1,0,2,0,500,13
Busca Sequencial,Inicio,10000,1,0,2,0,500,13
Busca Sequencial,Inicio,10000,1,0,2,0,600,13
Busca Sequencial,Inicio,10000,1,0,2,0,500,13
Busca Sequencial,Inicio,10000,1,0,2,0,500,13
Busca Sequencial,Inicio,10000,1,0,2,0,700,13
Busca Sequencial,Inicio,10000,1,0,2,0,500,13
Busca Sequencial,Inicio,10000,1,0,2,0,600,13
Busca Sequencial,Inicio,10000,1,0,2,0,300,13
Busca Sequencial,Inicio,10000,1,0,2,0,500,13
Busca Binaria,Inicio,10000,13,0,26,0,1600,13
Busca Binaria,Inicio,10000,13,0,26,0,1600,13
Busca Binaria,Inicio,10000,13,0,26,0,1600,13
Busca Binaria,Inicio,10000,13,0,26,0,1700,13
Busca Binaria,Inicio,10000,13,0,26,0,1600,13
Busca Binaria,Inicio,10000,13,0,26,0,1500,13
Busca Binaria,Inicio,10000,13,0,26,0,1600,13
Busca Binaria,Inicio,10000,13,0,26,0,1600,13
Busca Binaria,Inicio,10000,13,0,26,0,1600,13
Busca Binaria,Inicio,10000,13,0,26,0,1900,13
Busca Binaria,Inicio,10000,13,0,26,0,1600,13
Busca Binaria,Inicio,10000,13,0,26,0,1700,13
Busca Binaria,Inicio,10000,13,0,26,0,1800,13
Busca Binaria,Inicio,10000,13,0,26,0,1900,13
Busca Binaria,Inicio,10000,13,0,26,0,1600,13
Busca Binaria,Inicio,10000,13,0,26,0,2100,13
Busca Binaria,Inicio,10000,13,0,26,0,1800,13
Busca Binaria,Inicio,10000,13,0,26,0,3200,13
Busca Binaria,Inicio,10000,13,0,26,0,1900,13
Busca Binaria,Inicio,10000,13,0,26,0,1500,13
Busca Binaria,Inicio,10000,13,0,26,0,4700,13
Busca Binaria,Inicio,10000,13,0,26,0,1500,13
Busca Binaria,Inicio,10000,13,0,26,0,1500,13
Busca Binaria,Inicio,10000,13,0,26,0,2000,13
Busca Binaria,Inicio,10000,13,0,26,0,1600,13
Busca Binaria,Inicio,10000,13,0,26,0,1900,13
Busca Binaria,Inicio,10000,13,0,26,0,1600,13
Busca Binaria,Inicio,10000,13,0,26,0,1800,13
Busca Binaria,Inicio,10000,13,0,26,0,1800,13
Busca Binaria,Inicio,10000,13,0,26,0,1900,13
Busca Sequencial,Meio,10000,5001,0,10002,0,94100,13
Busca Sequencial,Meio,10000,5001,0,10002,0,59100,13
Busca Sequencial,Meio,10000,5001,0,10002,0,94100,13
Busca Sequencial,Meio,10000,5001,0,10002,0,154100,13
Busca Sequencial,Meio,10000,5001,0,10002,0,55800,13
Busca Sequencial,Meio,10000,5001,0,10002,0,60200,13
Busca Sequencial,Meio,10000,5001,0,10002,0,61000,13
Busca Sequencial,Meio,10000,5001,0,10002,0,69100,13
Busca Sequencial,Meio,10000,5001,0,10002,0,59300,13
Busca Sequencial,Meio,10000,5001,0,10002,0,58800,13
Busca Sequencial,Meio,10000,5001,0,10002,0,61000,13
Busca Sequencial,Meio,10000,5001,0,10002,0,56100,13
Busca Sequencial,Meio,10000,5001,0,10002,0,57900,13
Busca Sequencial,Meio,10000,5001,0,10002,0,85800,13
Busca Sequencial,Meio,10000,5001,0,10002,0,57100,13
Busca Sequencial,Meio,10000,5001,0,10002,0,55500,13
Busca Sequencial,Meio,10000,5001,0,10002,0,64800,13
Busca Sequencial,Meio,10000,5001,0,10002,0,59000,13
Busca Sequencial,Meio,10000,5001,0,10002,0,59100,13
Busca Sequencial,Meio,10000,5001,0,10002,0,59300,13
Busca Sequencial,Meio,10000,5001,0,10002,0,56800,13
Busca Sequencial,Meio,10000,5001,0,10002,0,137600,13
Busca Sequencial,Meio,10000,5001,0,10002,0,73600,13
Busca Sequencial,Meio,10000,5001,0,10002,0,59300,13
Busca Sequencial,Meio,10000,5001,0,10002,0,83900,13
Busca Sequencial,Meio,10000,5001,0,10002,0,59300,13
Busca Sequencial,Meio,10000,5001,0,10002,0,84700,13
Busca Sequencial,Meio,10000,5001,0,10002,0,68900,13
Busca Sequencial,Meio,10000,5001,0,10002,0,76300,13
Busca Sequencial,Meio,10000,5001,0,10002,0,59600,13
Busca Binaria,Meio,10000,13,0,26,0,1700,13
Busca Binaria,Meio,10000,13,0,26,0,1400,13
Busca Binaria,Meio,10000,13,0,26,0,1600,13
Busca Binaria,Meio,10000,13,0,26,0,4300,13
Busca Binaria,Meio,10000,13,0,26,0,1500,13
Busca Binaria,Meio,10000,13,0,26,0,1400,13
Busca Binaria,Meio,10000,13,0,26,0,1400,13
Busca Binaria,Meio,10000,13,0,26,0,4000,13
Busca Binaria,Meio,10000,13,0,26,0,1800,13
Busca Binaria,Meio,10000,13,0,26,0,1400,13
Busca Binaria,Meio,10000,13,0,26,0,1700,13
Busca Binaria,Meio,10000,13,0,26,0,1600,13
Busca Binaria,Meio,10000,13,0,26,0,1800,13
Busca Binaria,Meio,10000,13,0,26,0,1400,13
Busca Binaria,Meio,10000,13,0,26,0,1500,13
Busca Binaria,Meio,10000,13,0,26,0,1400,13
Busca Binaria,Meio,10000,13,0,26,0,1400,13
Busca Binaria,Meio,10000,13,0,26,0,1500,13
Busca Binaria,Meio,10000,13,0,26,0,1500,13
Busca Binaria,Meio,10000,13,0,26,0,1600,13
Busca Binaria,Meio,10000,13,0,26,0,25400,13
Busca Binaria,Meio,10000,13,0,26,0,4100,13
Busca Binaria,Meio,10000,13,0,26,0,4400,13
Busca Binaria,Meio,10000,13,0,26,0,1500,13
Busca Binaria,Meio,10000,13,0,26,0,2500,13
Busca Binaria,Meio,10000,13,0,26,0,4000,13
Busca Binaria,Meio,10000,13,0,26,0,2100,13
Busca Binaria,Meio,10000,13,0,26,0,4900,13
Busca Binaria,Meio,10000,13,0,26,0,2000,13
Busca Binaria,Meio,10000,13,0,26,0,16800,13
Busca Sequencial,Fim,10000,10000,0,20000,0,130400,13
Busca Sequencial,Fim,10000,10000,0,20000,0,2792700,13
Busca Sequencial,Fim,10000,10000,0,20000,0,112100,13
Busca Sequencial,Fim,10000,10000,0,20000,0,119700,13
Busca Sequencial,Fim,10000,10000,0,20000,0,117300,13
Busca Sequencial,Fim,10000,10000,0,20000,0,117400,13
Busca Sequencial,Fim,10000,10000,0,20000,0,114500,13
Busca Sequencial,Fim,10000,10000,0,20000,0,154600,13
Busca Sequencial,Fim,10000,10000,0,20000,0,110000,13
Busca Sequencial,Fim,10000,10000,0,20000,0,175400,13
Busca Sequencial,Fim,10000,10000,0,20000,0,144700,13
Busca Sequencial,Fim,10000,10000,0,20000,0,344500,13
Busca Sequencial,Fim,10000,10000,0,20000,0,116200,13
Busca Sequencial,Fim,10000,10000,0,20000,0,121300,13
Busca Sequencial,Fim,10000,10000,0,20000,0,117100,13
Busca Sequencial,Fim,10000,10000,0,20000,0,186100,13
Busca Sequencial,Fim,10000,10000,0,20000,0,122100,13
Busca Sequencial,Fim,10000,10000,0,20000,0,119500,13
Busca Sequencial,Fim,10000,10000,0,20000,0,121900,13
Busca Sequencial,Fim,10000,10000,0,20000,0,152300,13
Busca Sequencial,Fim,10000,10000,0,20000,0,123700,13
Busca Sequencial,Fim,10000,10000,0,20000,0,119200,13
Busca Sequencial,Fim,10000,10000,0,20000,0,129000,13
Busca Sequencial,Fim,10000,10000,0,20000,0,119700,13
Busca Sequencial,Fim,10000,10000,0,20000,0,179900,13
Busca Sequencial,Fim,10000,10000,0,20000,0,142800,13
Busca Sequencial,Fim,10000,10000,0,20000,0,209300,13
Busca Sequencial,Fim,10000,10000,0,20000,0,158500,13
Busca Sequencial,Fim,10000,10000,0,20000,0,183600,13
Busca Sequencial,Fim,10000,10000,0,20000,0,166900,13
Busca Binaria,Fim,10000,14,0,28,0,2800,13
Busca Binaria,Fim,10000,14,0,28,0,1700,13
Busca Binaria,Fim,10000,14,0,28,0,5000,13
Busca Binaria,Fim,10000,14,0,28,0,1500,13
Busca Binaria,Fim,10000,14,0,28,0,1700,13
Busca Binaria,Fim,10000,14,0,28,0,1900,13
Busca Binaria,Fim,10000,14,0,28,0,1400,13
Busca Binaria,Fim,10000,14,0,28,0,1400,13
Busca Binaria,Fim,10000,14,0,28,0,4300,13
Busca Binaria,Fim,10000,14,0,28,0,1800,13
Busca Binaria,Fim,10000,14,0,28,0,2000,13
Busca Binaria,Fim,10000,14,0,28,0,1500,13
Busca Binaria,Fim,10000,14,0,28,0,1500,13
Busca Binaria,Fim,10000,14,0,28,0,2000,13
Busca Binaria,Fim,10000,14,0,28,0,2300,13
Busca Binaria,Fim,10000,14,0,28,0,2500,13
Busca Binaria,Fim,10000,14,0,28,0,1700,13
Busca Binaria,Fim,10000,14,0,28,0,1600,13
Busca Binaria,Fim,10000,14,0,28,0,1800,13
Busca Binaria,Fim,10000,14,0,28,0,4100,13
Busca Binaria,Fim,10000,14,0,28,0,1500,13
Busca Binaria,Fim,10000,14,0,28,0,1700,13
Busca Binaria,Fim,10000,14,0,28,0,1700,13
Busca Binaria,Fim,10000,14,0,28,0,1900,13
Busca Binaria,Fim,10000,14,0,28,0,1700,13
Busca Binaria,Fim,10000,14,0,28,0,2000,13
Busca Binaria,Fim,10000,14,0,28,0,1800,13
Busca Binaria,Fim,10000,14,0,28,0,2000,13
Busca Binaria,Fim,10000,14,0,28,0,2300,13
Busca Binaria,Fim,10000,14,0,28,0,2600,13
Busca Sequencial,Aleatorio,10000,6335,0,12670,0,103200,13
Busca Sequencial,Aleatorio,10000,6335,0,12670,0,66200,13
Busca Sequencial,Aleatorio,10000,6335,0,12670,0,70700,13
Busca Sequencial,Aleatorio,10000,6335,0,12670,0,73700,13
Busca Sequencial,Aleatorio,10000,6335,0,12670,0,71400,13
Busca Sequencial,Aleatorio,10000,6335,0,12670,0,74400,13
Busca Sequencial,Aleatorio,10000,6335,0,12670,0,71800,13
Busca Sequencial,Aleatorio,10000,6335,0,12670,0,75800,13
Busca Sequencial,Aleatorio,10000,6335,0,12670,0,72500,13
Busca Sequencial,Aleatorio,10000,6335,0,12670,0,74500,13
Busca Sequencial,Aleatorio,10000,6335,0,12670,0,103700,13
Busca Sequencial,Aleatorio,10000,6335,0,12670,0,70900,13
Busca Sequencial,Aleatorio,10000,6335,0,12670,0,88700,13
Busca Sequencial,Aleatorio,10000,6335,0,12670,0,77400,13
Busca Sequencial,Aleatorio,10000,6335,0,12670,0,104200,13
Busca Sequencial,Aleatorio,10000,6335,0,12670,0,74400,13
Busca Sequencial,Aleatorio,10000,6335,0,12670,0,74400,13
Busca Sequencial,Aleatorio,10000,6335,0,12670,0,74100,13
Busca Sequencial,Aleatorio,10000,6335,0,12670,0,126200,13
Busca Sequencial,Aleatorio,10000,6335,0,12670,0,75500,13
Busca Sequencial,Aleatorio,10000,6335,0,12670,0,73000,13
Busca Sequencial,Aleatorio,10000,6335,0,12670,0,72400,13
Busca Sequencial,Aleatorio,10000,6335,0,12670,0,71400,13
Busca Sequencial,Aleatorio,10000,6335,0,12670,0,77900,13
Busca Sequencial,Aleatorio,10000,6335,0,12670,0,74700,13
Busca Sequencial,Aleatorio,10000,6335,0,12670,0,76900,13
Busca Sequencial,Aleatorio,10000,6335,0,12670,0,77200,13
Busca Sequencial,Aleatorio,10000,6335,0,12670,0,74200,13
Busca Sequencial,Aleatorio,10000,6335,0,12670,0,91700,13
Busca Sequencial,Aleatorio,10000,6335,0,12670,0,72100,13
Busca Binaria,Aleatorio,10000,13,0,26,0,1600,13
Busca Binaria,Aleatorio,10000,13,0,26,0,1700,13
Busca Binaria,Aleatorio,10000,13,0,26,0,1500,13
Busca Binaria,Aleatorio,10000,13,0,26,0,1700,13
Busca Binaria,Aleatorio,10000,13,0,26,0,2100,13
Busca Binaria,Aleatorio,10000,13,0,26,0,1600,13
Busca Binaria,Aleatorio,10000,13,0,26,0,1900,13
Busca Binaria,Aleatorio,10000,13,0,26,0,2400,13
Busca Binaria,Aleatorio,10000,13,0,26,0,2100,13
Busca Binaria,Aleatorio,10000,13,0,26,0,4300,13
Busca Binaria,Aleatorio,10000,13,0,26,0,4100,13
Busca Binaria,Aleatorio,10000,13,0,26,0,1600,13
Busca Binaria,Aleatorio,10000,13,0,26,0,2000,13
Busca Binaria,Aleatorio,10000,13,0,26,0,2000,13
Busca Binaria,Aleatorio,10000,13,0,26,0,2300,13
Busca Binaria,Aleatorio,10000,13,0,26,0,2000,13
Busca Binaria,Aleatorio,10000,13,0,26,0,1700,13
Busca Binaria,Aleatorio,10000,13,0,26,0,1500,13
Busca Binaria,Aleatorio,10000,13,0,26,0,1600,13
Busca Binaria,Aleatorio,10000,13,0,26,0,2400,13
Busca Binaria,Aleatorio,10000,13,0,26,0,2000,13
Busca Binaria,Aleatorio,10000,13,0,26,0,2100,13
Busca Binaria,Aleatorio,10000,13,0,26,0,2000,13
Busca Binaria,Aleatorio,10000,13,0,26,0,1700,13
Busca Binaria,Aleatorio,10000,13,0,26,0,1800,13
Busca Binaria,Aleatorio,10000,13,0,26,0,1900,13
Busca Binaria,Aleatorio,10000,13,0,26,0,5200,13
Busca Binaria,Aleatorio,10000,13,0,26,0,1700,13
Busca Binaria,Aleatorio,10000,13,0,26,0,1700,13
Busca Binaria,Aleatorio,10000,13,0,26,0,2400,13
Busca Sequencial,Inexistente,10000,10000,0,20000,0,111300,13
Busca Sequencial,Inexistente,10000,10000,0,20000,0,105000,13
Busca Sequencial,Inexistente,10000,10000,0,20000,0,108200,13
Busca Sequencial,Inexistente,10000,10000,0,20000,0,113700,13
Busca Sequencial,Inexistente,10000,10000,0,20000,0,118100,13
Busca Sequencial,Inexistente,10000,10000,0,20000,0,111800,13
Busca Sequencial,Inexistente,10000,10000,0,20000,0,121800,13
Busca Sequencial,Inexistente,10000,10000,0,20000,0,110800,13
Busca Sequencial,Inexistente,10000,10000,0,20000,0,118400,13
Busca Sequencial,Inexistente,10000,10000,0,20000,0,118000,13
Busca Sequencial,Inexistente,10000,10000,0,20000,0,114300,13
Busca Sequencial,Inexistente,10000,10000,0,20000,0,111300,13
Busca Sequencial,Inexistente,10000,10000,0,20000,0,118800,13
Busca Sequencial,Inexistente,10000,10000,0,20000,0,116000,13
Busca Sequencial,Inexistente,10000,10000,0,20000,0,128800,13
Busca Sequencial,Inexistente,10000,10000,0,20000,0,114300,13
Busca Sequencial,Inexistente,10000,10000,0,20000,0,164700,13
Busca Sequencial,Inexistente,10000,10000,0,20000,0,152300,13
Busca Sequencial,Inexistente,10000,10000,0,20000,0,193600,13
Busca Sequencial,Inexistente,10000,10000,0,20000,0,119600,13
Busca Sequencial,Inexistente,10000,10000,0,20000,0,158200,13
Busca Sequencial,Inexistente,10000,10000,0,20000,0,112600,13
Busca Sequencial,Inexistente,10000,10000,0,20000,0,114600,13
Busca Sequencial,Inexistente,10000,10000,0,20000,0,150000,13
Busca Sequencial,Inexistente,10000,10000,0,20000,0,129300,13
Busca Sequencial,Inexistente,10000,10000,0,20000,0,117600,13
Busca Sequencial,Inexistente,10000,10000,0,20000,0,213800,13
Busca Sequencial,Inexistente,10000,10000,0,20000,0,207200,13
Busca Sequencial,Inexistente,10000,10000,0,20000,0,118100,13
Busca Sequencial,Inexistente,10000,10000,0,20000,0,275900,13
Busca Binaria,Inexistente,10000,13,0,26,0,1900,13
Busca Binaria,Inexistente,10000,13,0,26,0,4900,13
Busca Binaria,Inexistente,10000,13,0,26,0,2500,13
Busca Binaria,Inexistente,10000,13,0,26,0,2100,13
Busca Binaria,Inexistente,10000,13,0,26,0,1600,13
Busca Binaria,Inexistente,10000,13,0,26,0,4100,13
Busca Binaria,Inexistente,10000,13,0,26,0,1800,13
Busca Binaria,Inexistente,10000,13,0,26,0,2000,13
Busca Binaria,Inexistente,10000,13,0,26,0,1900,13
Busca Binaria,Inexistente,10000,13,0,26,0,2200,13
Busca Binaria,Inexistente,10000,13,0,26,0,1600,13
Busca Binaria,Inexistente,10000,13,0,26,0,2100,13
Busca Binaria,Inexistente,10000,13,0,26,0,1900,13
Busca Binaria,Inexistente,10000,13,0,26,0,1500,13
Busca Binaria,Inexistente,10000,13,0,26,0,2000,13
Busca Binaria,Inexistente,10000,13,0,26,0,1500,13
Busca Binaria,Inexistente,10000,13,0,26,0,4400,13
Busca Binaria,Inexistente,10000,13,0,26,0,2500,13
Busca Binaria,Inexistente,10000,13,0,26,0,2000,13
Busca Binaria,Inexistente,10000,13,0,26,0,2600,13
Busca Binaria,Inexistente,10000,13,0,26,0,1700,13
Busca Binaria,Inexistente,10000,13,0,26,0,1800,13
Busca Binaria,Inexistente,10000,13,0,26,0,2200,13
Busca Binaria,Inexistente,10000,13,0,26,0,1600,13
Busca Binaria,Inexistente,10000,13,0,26,0,1800,13
Busca Binaria,Inexistente,10000,13,0,26,0,1700,13
Busca Binaria,Inexistente,10000,13,0,26,0,2300,13
Busca Binaria,Inexistente,10000,13,0,26,0,1400,13
Busca Binaria,Inexistente,10000,13,0,26,0,5900,13
Busca Binaria,Inexistente,10000,13,0,26,0,4700,13
